<?xml version="1.0" encoding="UTF-8"?>
<project-private xmlns="http://www.netbeans.org/ns/project-private/1">
    <editor-bookmarks xmlns="http://www.netbeans.org/ns/editor-bookmarks/2" lastBookmarkId="0"/>
    <open-files xmlns="http://www.netbeans.org/ns/projectui-open-files/2">
        <group>
            <file>file:/C:/Users/silva/OneDrive/Escritorio/java/leccion%204/aritmetica/src/operaciones/Ciclos06.java</file>
            <file>file:/C:/Users/silva/OneDrive/Escritorio/java/leccion%204/aritmetica/src/operaciones/coclos07.java</file>
        </group>
    </open-files>
</project-private>
